Total Words Loaded,5000
Outer Iterations,1
Cross Validation:,10
Features Used: ,ngrams,word,texttype,liwc


Artifact
,precision,recall,f1-score,support
Artifact,0.71788115726187696,0.76988356496096444,0.73996420909831073,35.799999999999997
None,0.76933495584721689,0.71299672759557231,0.73692150293233794,38.200000000000003

Accuracy,0.73918918918918908


Person
,precision,recall,f1-score,support
None,0.76923094903014078,0.74264799284699445,0.75510560396332171,136.40000000000001
Person,0.74583159084225126,0.77302604770152528,0.75855703453881729,133.59999999999999

Accuracy,0.75703703703703695


Location
,precision,recall,f1-score,support
Location,0.84699056659210736,0.83256275349213882,0.83908402524865888,148.30000000000001
None,0.84057701237539784,0.855000037119234,0.8471780804402268,153.69999999999999

Accuracy,0.84337748344370866


Facility
,precision,recall,f1-score,support
Facility,0.80267458665515323,0.69295096461180539,0.73784375349949127,35.700000000000003
None,0.71283053115049255,0.81551643504106686,0.75598307932309083,33.299999999999997

Accuracy,0.74927536231884062


Organization
,precision,recall,f1-score,support
None,0.77750728749898235,0.79708658491267181,0.78481537995195561,45.0
Organization,0.81123580630259939,0.79047669123072495,0.7984225296345866,50.0

Accuracy,0.79368421052631566


