{"Person": [1.64373262805384e-06, 0.0060010519042862139, -0.0, -0.0, -1.3469844702740374e-06, 0.0040000000000020462, -0.0, 0.0040000000000020462, -0.0, -0.0, -1.2216598711986253e-06, -1.3325760998257063e-06, -1.4363513741955104e-06, -7.5940400847684939e-07, -3.6699925988278604e-06, -8.5724688858590525e-07, -6.1305846692505379e-07, -0.0, 0.016003861717709181, -2.4418842059503731e-07, -0.0, -0.0, 0.0079999567516798216, -0.0079993682792050443, -0.0, 0.0079975290210626323, -3.2239881751043781e-06, 0.0079974063031720243, -1.4908913467429366e-06, -1.1801183006809878e-06, 0.0019993158591034899, 0.0059988344736595419, -0.0020006944261352195, -0.0019988241884207462, 0.0079996858848620182, -0.0079999999999999967, 2.4540557554215573e-06, -0.0, -0.0, -0.0, -1.1889283719279058e-06, -1.3824429825710979e-06, -0.0080001280636452059, -1.5669668345486586e-06, -0.0040000000000000027, -0.0, -0.0040000000000000027, -6.6107901375289657e-07, -1.6339484930229779e-06, -1.3266386353515197e-06, -0.00200075775819073, 0.0019996795241400632, 0.0019998248536253981, -0.0060002621359576871, -7.5358236877320901e-07, -1.0225070427186358e-06, 2.6892467381856021e-07, -0.0, -0.0, -0.0, -6.5161511984501842e-07, -2.6250581319407218e-07, -3.8910930665094624e-07, -0.0040001907290484039, -0.0040001907290484039, -0.0, -0.0, -0.0, -0.0, -0.0, -0.0, -0.0, -0.0, -0.012001125939104896, -0.0, -0.0, -6.3749648217873431e-07, -0.0, -4.9767905424020113e-07, -0.0, -0.0, -0.0, 0.0060012107646471692, 2.2568285658053354e-07], "Facility": [-0.0079992157318940823, -5.580462357102078e-07, -0.0, -0.0, 0.0042492350176928538, 0.0017494844805412413, 0.00025026446001277238, 0.0019997489405568559, 0.0022494860771388402, -0.0, -0.0, -0.0, 0.0079988371143258526, 0.0079996316105138028, -7.8826777542782166e-07, 0.0015997110827882465, -0.0015997526655257455, -0.0015997526655257455, -0.0, 0.0031994637483137465, -0.0, -0.0, 0.0031994637483137465, 0.0018818795206870056, -0.0, -0.0018818535960696474, -0.0018826149924855388, 0.0056463481092421924, -0.0, -0.0, 0.0028233877131987719, -0.0028229603960434205, -0.0, 0.0056463481092421924, -0.0010000434198161657, -0.0, 0.0024997505371516125, -0.0, -0.0, -0.0, -0.0, 0.0079986423490765908, -0.0, -0.0, 0.0079992128545171674, -0.0079999999999984077, -0.0079998077549447537, -0.0, -0.0080000000000000002, -0.0, 0.0059993090217631108, 0.0099990592366567092, 0.0019994169283222619, -0.0059991671432162779, -0.0034997939569656722, -0.0, -0.0034997939569656722, -0.0, -0.0, -0.0, 0.0079990673169230298, 0.0079992896468948499, -2.2232997182059496e-07, 0.0031995954381457636, 0.0047993481036712636, -0.0015997526655257455, -0.0, -0.0, -0.0, -0.0, -0.0, -0.0, -2.9402608316685048e-07, 8.4883653244105513e-07, -0.0, -0.0, -2.957299549150191e-07, -0.0, -0.0, -7.7406721917497151e-07, -2.9402608316685048e-07, -0.0, -3.8703360958748575e-07, -5.1574374992924277e-08], "Location": [-6.050595857232111e-07, -1.065640026354231e-06, -0.0, -0.0, -0.0, -0.0, -0.0, -0.0, -0.0, -0.0, -0.0, -0.0, 3.7443905966938471e-07, 8.6108514096849831e-08, -1.1321016226193546e-06, -3.3284178613152609e-07, -0.0, -0.0, -0.0, -3.3284178613152609e-07, -0.0, -0.0, -3.3284178613152609e-07, -0.0, -0.0, -0.0, -0.0, -0.0, -0.0, -0.0, -0.0, -0.0, -0.0, -0.0, -0.0, -0.0, -0.0, -0.0, -0.0, -0.0, -0.0, -0.0, -0.0, -0.0, 0.0079993799060957826, -0.007998503201143814, -0.0079989439178575466, 8.3705422468938197e-07, -0.0079985950902312468, -0.0, -0.0, -0.0, -0.0, -0.0, -0.0, -0.0, -0.0, -0.0, -0.0, -0.0, 0.0026668610006420615, 0.0053333333333333323, -0.0026664723326912708, 2.0842087877781523e-07, 2.0842087877781523e-07, -0.0, -0.0, -0.0, -0.0, -0.0, -0.0, -0.0, -6.9196374444809174e-07, 2.7921274522668683e-06, -0.0, -0.0, -1.0978906387465933e-06, -7.4745661223399607e-08, -3.1736029315618343e-07, -2.1920477681588246e-06, -6.9196374444809174e-07, -0.0, -1.0541399433350307e-07, -2.3930624593049288e-08], "Artifact": [2.486500432041794e-06, -6.5784402067947669e-07, -0.0, -0.0, -0.0010003925235693601, -0.0020012835144268461, 0.0050005387553312634, 0.0029992552409041197, -2.784343188504119e-07, -9.1003199909941711e-07, -2.5859870265844117e-06, -2.9429714740085899e-06, -2.6657601054580483e-06, -1.4512528196064523e-06, -2.161888385600181e-06, -1.3423618824504047e-06, -7.3468016381639245e-07, -1.1861258460106905e-06, -6.1811545950487941e-07, -6.0768171812838562e-07, -0.0, -0.0, -0.0, -2.6510101544376559e-06, -0.0, -8.0075489831404361e-07, -0.0, -7.2303678209941914e-07, -2.1770028368450765e-06, -1.2209010122887776e-06, -1.8913044027431197e-06, -7.5353557772080996e-07, -1.1377688250223096e-06, -0.0, -2.2142834069427408e-06, -0.0, 0.0010008909908577833, -0.0, -0.0, -0.0, -2.807597695664299e-06, -2.0877862881858271e-06, -2.1618883849328084e-06, -2.3856511319946269e-06, -2.6448399808032264e-06, -7.7578101007412088e-07, -0.0, -1.2598036022382076e-06, -2.5569013490921667e-06, -2.043886439294297e-06, -1.0979741869197773e-06, -9.7504736281900129e-07, -1.2292682410077609e-07, -0.0, -1.2939350395964213e-06, -1.5731778053970121e-07, -1.1366172590567202e-06, -0.0, -0.0, -0.0, -2.2887349173817841e-06, -1.3739681156552327e-06, -9.1476680172655148e-07, -1.2196247784699964e-06, -1.2196247784699964e-06, -0.0, -0.0, -0.0, -0.0, -0.0, -0.0, -0.0, -3.3007011925514194e-07, 1.6925481077123549e-06, -0.0, -0.0, -0.0, -1.7033377624786328e-07, -0.0, -1.0734205578750836e-06, -1.7033377624786328e-07, -0.0, -5.367102789375418e-07, -8.9306467998540029e-08], "Organization": [-1.4418270438909531e-06, 0.01199529379062767, -0.0, -0.0, -0.0, -0.0, -0.0, -0.0, -0.0, -0.0, -0.0, -0.0, -0.0, -0.0, -3.4937443714966322e-06, -0.0, -0.0, -0.0, -0.0, -0.0, -0.0, -0.0, -0.0, -0.0, -0.0, -0.0, -0.0, -0.0, -0.0, -0.0, -0.0, -0.0, -0.0, -0.0, -0.0, -0.0, -0.0, -0.0, -0.0, -0.0, -0.0, -0.0, -0.0, -0.0, -1.4418270578400181e-06, -0.0, -0.0, -0.0, -0.0, -0.0, -0.0, -0.0, -0.0, -0.0, -0.0, -0.0, -0.0, -0.0, -0.0, -0.0, -0.0, -0.0, -0.0, -0.0, -0.0, -0.0, -0.0, -0.0, -0.0, -0.0, -0.0, -0.0, -0.0, -0.02398834983649465, -0.0, -0.0, -0.0, -0.0, -0.0, -0.0, -0.0, -0.0, -0.01199786398973619, 9.9186050306343529e-08]}